<?xml version="1.0" encoding="utf-8" ?>
<extension type="plugin" version="3.7.0" group="fields" method="upgrade">
	<name>plg_fields_gallery</name>
    <author>Arkadiy Sedelnikov</author>
    <creationDate>January 2018</creationDate>
    <copyright>© 2018 Arkadiy Sedelnikov. All rights reserved.</copyright>
    <license>GNU General Public License version 3 or later; see http://www.gnu.org/licenses/gpl-3.0.txt</license>
    <authorEmail>a.sedelnikov@gmail.com</authorEmail>
    <authorUrl>https://argens.ru</authorUrl>
	<version>1.0.0</version>
	<description>PLG_FIELDS_GALLERY_XML_DESCRIPTION</description>
	<files>
		<folder>assets</folder>
		<folder>elements</folder>
		<folder>params</folder>
		<folder>tmpl</folder>
		<filename plugin="gallery">gallery.php</filename>
	</files>
	<languages folder="language">
		<language tag="en-GB">en-GB/en-GB.plg_fields_gallery.ini</language>
		<language tag="en-GB">en-GB/en-GB.plg_fields_gallery.sys.ini</language>
		<language tag="ru-RU">ru-RU/ru-RU.plg_fields_gallery.ini</language>
		<language tag="ru-RU">ru-RU/ru-RU.plg_fields_gallery.sys.ini</language>
	</languages>
</extension>
